{
  "added" : [
    "ModTruss\/Modulus-X Mitchell Rotating Base",
    "Raptor Rickshaw 3",
    "AGITO MagTrax",
    "3’ Ronford Baker Slider",
    "Sleeve Coupler (STF-04)",
    "S Type",
    "Imperial Quarter Apple Box (18\" high)",
    "2’ x 2’ Polybag",
    "Modulus-X™ Rotary Adapter",
    "Porsche Ultra Arm",
    "… +505 more"
  ],
  "counts" : {
    "added" : 515,
    "removed" : 0,
    "updated" : 0
  },
  "date" : "2025-09-05",
  "notes" : [
    "Test export"
  ],
  "removed" : [

  ],
  "summary" : "Grip Kit Vault data update",
  "updated" : [

  ],
  "version" : "v1.1.0"
}